id	name	email	phone	city
1	Roy Valencia	Roy.B.Valencia@dodgit.com	617-219-2469	TOWSON
2	Aaron May	Aaron.A.May@pookmail.com	901-255-7795	MOUNT VERNON
3	Troy Hughes	Troy.A.Hughes@spambob.com	719-727-9740	MIDDLETOWN
4	Gertrude Conner	Gertrude.W.Conner@trashymail.com	251-866-0294	BROOKLYN
5	Laura Bondi	Laura.J.Bondi@mailinator.com	970-498-8980	ESSEX JUNCTION
6	Bernice Gomez	Bernice.C.Gomez@mailinator.com	478-377-1623	MILL VALLEY
7	Theresa Mayo	Theresa.J.Mayo@dodgit.com	701-725-4752	MILFORD
8	Susan Coe	Susan.L.Coe@dodgit.com	213-478-0561	WATERFORD
9	Jimmy Bagwell	Jimmy.W.Bagwell@spambob.com	863-658-4762	GARDINER
10	Ruth Rowley	Ruth.J.Rowley@spambob.com	201-799-5873	CHICOPEE
11	Gabrielle Tracy	Gabrielle.D.Tracy@pookmail.com	702-871-0184	DRACUT
12	Jay Montoya	Jay.L.Montoya@dodgit.com	412-723-9829	WEST NEWTON
13	Doris Chang	Doris.L.Chang@pookmail.com	917-721-2525	RIDGEFIELD
14	Jason Vacca	Jason.J.Vacca@spambob.com	510-517-7759	WOLCOTT
15	Lidia Pierce	Lidia.A.Pierce@trashymail.com	708-833-6263	FORESTDALE
16	Anna Gray	Anna.R.Gray@mailinator.com	512-769-8367	NEWNAN
17	Raymond Walters	Raymond.C.Walters@pookmail.com	313-658-7511	SHELTON
18	Tosha Russell	Tosha.S.Russell@mailinator.com	256-545-9651	FARMINGTON
19	Albert Richards	Albert.S.Richards@mailinator.com	650-354-2138	SEYMOUR
20	Raymond Reid	Raymond.R.Reid@dodgit.com	256-309-1415	GROTON
21	Anita Racette	Anita.R.Racette@pookmail.com	319-482-8591	WALTHAM
22	Aaron Garza	Aaron.O.Garza@trashymail.com	916-866-4992	MOUNTAINSIDE
23	Gary Rangel	Gary.K.Rangel@spambob.com	859-967-6531	PLYMOUTH
24	Bernard Chung	Bernard.D.Chung@spambob.com	970-354-3518	IOWA CITY
25	Billie Garcia	Billie.J.Garcia@mailinator.com	940-220-8480	SPRINGFIELD
26	Lynn Sharp	Lynn.R.Sharp@spambob.com	773-577-9355	MILFORD
27	Maria Thomas	Maria.C.Thomas@mailinator.com	304-365-0929	HANCOCK
28	Rebecca Nixon	Rebecca.J.Nixon@spambob.com	559-367-6361	MAPLETON
29	Donald Schendel	Donald.C.Schendel@spambob.com	503-308-1831	MILTONVALE
30	Gregory Smith	Gregory.P.Smith@dodgit.com	608-250-4804	HYDE PARK
31	James Hamel	James.C.Hamel@trashymail.com	360-862-9051	GROVELAND
32	Leah Shelton	Leah.P.Shelton@pookmail.com	512-391-4111	SULLIGENT
33	Sarah Duvall	Sarah.W.Duvall@dodgit.com	503-637-8821	HAMDEN
34	Frank Oestreich	Frank.D.Oestreich@dodgit.com	763-783-6376	NOBLESVILLE
35	Joyce Brown	Joyce.M.Brown@mailinator.com	215-389-0435	NOBLESVILLE
36	Valeria Maynard	Valeria.E.Maynard@mailinator.com	708-351-6993	NOBLESVILLE
37	Harry Dixon	Harry.A.Dixon@trashymail.com	551-482-1035	PINEVILLE
38	John Lechuga	John.J.Lechuga@trashymail.com	260-710-7061	HAMPTON
39	Jo Deleon	Jo.B.Deleon@pookmail.com	816-818-2605	NORTH EAST
40	Wayne Cooley	Wayne.M.Cooley@mailinator.com	573-306-2011	CALDWELL
41	Lenora King	Lenora.J.King@pookmail.com	603-424-8684	NEWNAN
42	Mark Nelson	Mark.L.Nelson@trashymail.com	317-885-5652	EAST FALMOUTH
43	Kathleen Murphy	Kathleen.M.Murphy@spambob.com	803-875-0993	RYE
44	Frankie Clay	Frankie.B.Clay@trashymail.com	601-348-1985	HOPE
45	Yvonne Mercer	Yvonne.S.Mercer@dodgit.com	559-927-9392	DRESDEN
46	Tonita Smith	Tonita.K.Smith@pookmail.com	512-912-9995	HOLDEN
47	Justin Smith	Justin.S.Smith@dodgit.com	410-971-3586	HOBOKEN
48	Dianna Camacho	Dianna.J.Camacho@pookmail.com	212-848-2673	HOBOKEN
49	Danielle Dean	Danielle.K.Dean@dodgit.com	817-905-6598	HOBOKEN
50	Carlos Mock	Carlos.N.Mock@trashymail.com	256-885-8897	WEST YARMOUTH
51	Nadine Henson	Nadine.J.Henson@dodgit.com	443-278-3268	WASHINGTON
52	Matthew Blizzard	Matthew.T.Blizzard@dodgit.com	713-238-1039	MARBLEHEAD
53	Toni Duckett	Toni.S.Duckett@trashymail.com	909-987-3961	BOSTON
54	Carlotta Gammill	Carlotta.D.Gammill@mailinator.com	703-633-1911	BOSTON
55	Judy Love	Judy.G.Love@trashymail.com	215-446-1839	WEAVERVILLE
56	Leslie Byrd	Leslie.E.Byrd@trashymail.com	443-659-0961	ALTON BAY
57	Woodrow Green	Woodrow.P.Green@pookmail.com	210-452-9446	TERRE HAUTE
58	Lyndsay Armstrong	Lyndsay.J.Armstrong@mailinator.com	386-451-9060	ALEX CITY
59	George Gentry	George.M.Gentry@dodgit.com	516-656-7652	EATONTOWN
60	Curtis Gray	Curtis.S.Gray@pookmail.com	605-280-7239	JAY
61	Michael Ward	Michael.M.Ward@trashymail.com	970-931-2841	LEWISTON
62	John Lerma	John.S.Lerma@mailinator.com	641-384-8061	NEWPORT
63	Robert Mulligan	Robert.O.Mulligan@mailinator.com	360-691-4020	NORWAY
64	Kathryn Bruck	Kathryn.G.Bruck@pookmail.com	631-675-7863	MERRIMACK
65	Daryl Stevens	Daryl.R.Stevens@spambob.com	512-885-6258	PALMYRA
66	Carolyn Deboer	Carolyn.W.Deboer@trashymail.com	503-337-6080	SOUTH HERO
67	Margaret Leggett	Margaret.W.Leggett@dodgit.com	240-417-7337	MIAMI
68	Marguerite Hafley	Marguerite.D.Hafley@dodgit.com	973-719-8383	BOSTON
69	Brenda Raymond	Brenda.J.Raymond@mailinator.com	727-366-3460	TEMPLE
70	Michelle Cannon	Michelle.T.Cannon@spambob.com	404-636-7915	WELLESLEY HILLS
71	Joshua Bartlett	Joshua.J.Bartlett@trashymail.com	562-587-7490	IPSWICH
72	Gloria Lester	Gloria.W.Lester@mailinator.com	314-268-8613	RICHMOND
73	Ray Rice	Ray.P.Rice@dodgit.com	949-454-9536	JACKSON
74	Robert Erwin	Robert.L.Erwin@spambob.com	914-787-3637	NORWOOD
75	Brandon Peters	Brandon.R.Peters@pookmail.com	631-732-3842	SAINT DAVID
76	Kerry Stone	Kerry.J.Stone@spambob.com	727-744-2797	WEST PARIS
77	Sherilyn Mabry	Sherilyn.R.Mabry@pookmail.com	706-823-4660	WOOLWICH
78	Kenneth Garlock	Kenneth.L.Garlock@pookmail.com	917-701-5347	PARSONS
79	Sherry Shaw	Sherry.D.Shaw@dodgit.com	661-947-3606	HARRISBURG
80	Patrice Pratt	Patrice.M.Pratt@spambob.com	620-660-0187	ISABELA
81	Heather Pastore	Heather.E.Pastore@mailinator.com	630-389-2110	CLINTON
82	Doris Acevedo	Doris.C.Acevedo@mailinator.com	207-757-4475	PERRYVILLE
83	William Atkinson	William.H.Atkinson@mailinator.com	832-724-9625	BRAINTREE
84	Marcia Dorsey	Marcia.D.Dorsey@pookmail.com	832-386-2083	CHELSEA
85	Benedict Lockhart	Benedict.D.Lockhart@pookmail.com	707-565-9536	SOMERVILLE
86	Emily Li	Emily.R.Li@trashymail.com	917-576-8372	ANNISTON
87	James Rice	James.D.Rice@pookmail.com	512-779-1097	ATTALLA
88	Daniel Berryhill	Daniel.A.Berryhill@spambob.com	304-579-1822	JASPER
89	Mary Gonzalez	Mary.J.Gonzalez@pookmail.com	503-705-8957	BOXFORD
90	Peter Lee	Peter.A.Lee@spambob.com	713-905-9016	BROCKTON
91	Mattie Button	Mattie.G.Button@pookmail.com	832-886-9298	CARLISLE
92	Helen Huizar	Helen.J.Huizar@mailinator.com	772-646-9588	CHICOPEE
93	Clyde Schaub	Clyde.M.Schaub@mailinator.com	218-354-6129	DANVERS
94	Stuart Clark	Stuart.M.Clark@dodgit.com	616-788-0599	DENNIS
95	Linda Norris	Linda.J.Norris@mailinator.com	662-467-7939	MIDDLETOWN
96	Gloria Cropper	Gloria.J.Cropper@mailinator.com	908-547-7686	BARNEGAT
97	Maria Smith	Maria.I.Smith@spambob.com	478-287-8584	GILBERTVILLE
98	Barbara Gans	Barbara.K.Gans@spambob.com	212-833-9423	HAMPDEN
99	Maria Toussaint	Maria.A.Toussaint@pookmail.com	215-438-4845	HANOVER
100	Barbara Griffith	Barbara.J.Griffith@trashymail.com	503-675-0064	HATFIELD
101	Maritza Holman	Maritza.A.Holman@dodgit.com	262-385-8894	HUNTINGTON
102	Jacqueline Knepp	Jacqueline.S.Knepp@spambob.com	541-890-1592	BREWTON
103	Lisa Wright	Lisa.B.Wright@mailinator.com	304-286-2004	LOUDONVILLE
104	Richard Johnson	Richard.E.Johnson@trashymail.com	606-842-5770	MONSON
105	Ryan Walker	Ryan.M.Walker@pookmail.com	217-661-9021	NORTHFIELD
106	Theresa Stacy	Theresa.D.Stacy@trashymail.com	814-393-3387	REVERE
107	Lisa Cunningham	Lisa.R.Cunningham@mailinator.com	770-364-1002	NORTH ATTLEBORO
108	Francis Mays	Francis.S.Mays@dodgit.com	864-527-3838	BRIDGEPORT
109	Christopher Stark	Christopher.E.Stark@mailinator.com	520-690-6048	PORT WASHINGTON
110	Julia Winger	Julia.J.Winger@mailinator.com	716-934-4296	TIVERTON
111	Mathew Mcgahey	Mathew.L.Mcgahey@trashymail.com	850-299-8233	OXFORD
112	Howard Garza	Howard.B.Garza@spambob.com	402-856-9229	SHARON
113	Wayne Vincent	Wayne.S.Vincent@trashymail.com	903-497-8623	SOUTH DEERFIELD
114	Everette Smith	Everette.J.Smith@dodgit.com	707-752-5894	OXFORD
115	Mauricio Gray	Mauricio.Y.Gray@dodgit.com	860-435-8672	JERICHO
116	William Brooks	William.K.Brooks@spambob.com	516-356-6880	TURNERS FALLS
117	Susie Cummings	Susie.J.Cummings@mailinator.com	262-245-8390	TYNGSBORO
118	Bernard Schooley	Bernard.J.Schooley@spambob.com	612-990-4487	SAUGUS
119	James Johnson	James.S.Johnson@pookmail.com	405-307-2210	LYNN
120	Josephine Hoffman	Josephine.W.Hoffman@pookmail.com	213-389-3659	SOMERSET
121	William Byrne	William.M.Byrne@pookmail.com	225-356-8255	WEST NEWBURY
122	Gregory Duca	Gregory.M.Duca@dodgit.com	434-760-2947	UPTON
123	Charles Huber	Charles.M.Huber@pookmail.com	803-223-5484	ESSEX
124	Henry Johnson	Henry.S.Johnson@trashymail.com	904-475-8949	GLOVERSVILLE
125	Sheree Askew	Sheree.L.Askew@pookmail.com	360-222-5773	COLON
126	Patricia Miesner	Patricia.V.Miesner@mailinator.com	251-245-1479	BOSTON
127	Theresa Cruz	Theresa.M.Cruz@spambob.com	936-891-0398	PELL CITY
128	George Johnson	George.A.Johnson@trashymail.com	619-523-3737	NEW HARTFORD
129	Curtis Wall	Curtis.C.Wall@spambob.com	703-724-0117	JACKSONS GAP
130	Janice Hayes	Janice.B.Hayes@dodgit.com	334-409-8898	ONEONTA
131	Jewel Obrien	Jewel.E.Obrien@spambob.com	619-527-8817	PELL CITY
132	James Mifflin	James.R.Mifflin@pookmail.com	720-622-1961	JOHNSTON
133	Rose Ybarra	Rose.W.Ybarra@dodgit.com	973-465-0516	LYNN
134	Brittaney Harris	Brittaney.C.Harris@trashymail.com	302-392-1285	HARMONY
135	Brett Mays	Brett.E.Mays@spambob.com	409-387-0645	SOMERDALE
136	Mark Thomas	Mark.C.Thomas@spambob.com	260-452-9992	SOMERDALE
137	Gary Lee	Gary.B.Lee@dodgit.com	323-875-3306	SELMA
138	Margaret Dates	Margaret.D.Dates@spambob.com	805-627-2049	REVERE
139	Terry Grier	Terry.D.Grier@trashymail.com	717-983-6454	JOHNSTON
140	Brian Osuna	Brian.M.Osuna@mailinator.com	951-377-6099	ATHOL
141	Francisco Sikora	Francisco.F.Sikora@trashymail.com	229-535-3118	FARMINGTON
142	Raul Diaz	Raul.A.Diaz@dodgit.com	951-284-4552	HARTFORD
143	Melissa Chiu	Melissa.T.Chiu@pookmail.com	815-682-1742	GROTON
144	Donna Gonzalez	Donna.A.Gonzalez@spambob.com	703-275-4836	PROVIDENCE
145	Peter Neel	Peter.G.Neel@mailinator.com	503-917-2862	NEWINGTON
146	Debbie Flemming	Debbie.D.Flemming@trashymail.com	775-243-7509	BURLINGTON
147	Wanetta Baker	Wanetta.B.Baker@trashymail.com	815-957-7005	CUTLER
148	Laura Booth	Laura.K.Booth@pookmail.com	231-709-5716	BLOUNTSVILLE
149	Armand Parker	Armand.M.Parker@trashymail.com	570-552-8170	DEMOPOLIS
150	Patricia Ball	Patricia.G.Ball@trashymail.com	740-985-2702	HOWELL
151	Brant Gauthier	Brant.D.Gauthier@spambob.com	312-205-0430	BOSTON
152	Gary Drake	Gary.J.Drake@spambob.com	435-826-5460	GARDEN CITY
153	Ebony Taylor	Ebony.J.Taylor@trashymail.com	541-588-6768	LONGMEADOW
154	Douglas Merlino	Douglas.D.Merlino@dodgit.com	313-486-3332	MANCHESTER TOWNSHIP
155	Salena Hall	Salena.R.Hall@spambob.com	803-593-3693	TACONITE
156	Rosalinda Smith	Rosalinda.O.Smith@trashymail.com	307-735-8455	DARIEN
157	Jeff Flanders	Jeff.M.Flanders@mailinator.com	828-477-3560	NEW ALBANY
158	Michael Farley	Michael.T.Farley@pookmail.com	650-348-2779	MALDEN
159	Victor Ray	Victor.K.Ray@pookmail.com	727-599-5975	WEST YARMOUTH
160	Linda Graves	Linda.J.Graves@dodgit.com	530-477-0289	HARRISBURG
161	Fernando Jones	Fernando.T.Jones@trashymail.com	412-741-0329	YONKERS
162	Jorge Williamson	Jorge.S.Williamson@mailinator.com	720-263-5654	NEWTON HIGHLANDS
163	Wayne Armstrong	Wayne.M.Armstrong@pookmail.com	501-395-3085	WINDHAM
164	Angel Dean	Angel.H.Dean@spambob.com	763-498-8129	BEECHMONT
165	Richard Bailey	Richard.I.Bailey@pookmail.com	928-446-4014	BELFRY
166	Monica Newborn	Monica.B.Newborn@dodgit.com	817-460-2094	BENTON
167	Joseph Lee	Joseph.M.Lee@pookmail.com	734-354-6651	BURNSIDE
168	Dodie Hernandez	Dodie.R.Hernandez@mailinator.com	601-774-2809	BEL AIR
169	Kim Buck	Kim.A.Buck@pookmail.com	860-492-9705	JASPER
170	Abigail Crochet	Abigail.K.Crochet@trashymail.com	301-907-2019	STRATFORD
171	Charles Navarrette	Charles.D.Navarrette@pookmail.com	951-699-2739	CORBIN
172	Benny Wilder	Benny.A.Wilder@dodgit.com	520-562-8773	CORNETTSVILLE
173	Mildred Vela	Mildred.J.Vela@mailinator.com	314-228-4140	PRESQUE ISLE
174	Clark Kelley	Clark.A.Kelley@trashymail.com	601-498-6539	WAKEFIELD
175	Thomas Clough	Thomas.M.Clough@dodgit.com	360-478-8850	POINT PLEASANT BEACH
176	Kathy Cole	Kathy.F.Cole@mailinator.com	740-333-0518	BATH
177	Connie Soto	Connie.J.Soto@spambob.com	574-859-6453	CRAGSMOOR
178	Joseph Clark	Joseph.W.Clark@dodgit.com	301-207-2997	RUTLAND
179	Joshua Morris	Joshua.M.Morris@trashymail.com	301-732-9517	ELIZABETHTOWN
180	Linda Greene	Linda.T.Greene@mailinator.com	412-460-6243	ALTON BAY
181	Frank Massie	Frank.B.Massie@dodgit.com	860-821-3205	EVARTS
182	Donald Mounts	Donald.V.Mounts@mailinator.com	715-474-5011	FLAT LICK
183	Christopher Cameron	Christopher.M.Cameron@spambob.com	941-371-9828	GAMALIEL
184	Larry Lopez	Larry.K.Lopez@mailinator.com	901-348-9420	GILBERTSVILLE
185	Barbara Floyd	Barbara.D.Floyd@dodgit.com	781-269-3932	HARDINSBURG
186	Mary Dudley	Mary.T.Dudley@mailinator.com	662-564-3818	HAZEL
187	Tracy Dwyer	Tracy.L.Dwyer@spambob.com	319-353-8510	HICKORY
188	Michelle Newland	Michelle.M.Newland@dodgit.com	443-597-2340	HORSE BRANCH
189	Jose Bias	Jose.M.Bias@mailinator.com	218-463-4937	JAMESTOWN
190	John Will	John.L.Will@trashymail.com	254-420-0882	JUNCTION CITY
191	Jerald Allums	Jerald.E.Allums@spambob.com	515-379-5917	FRANKLIN
192	Charles Dasilva	Charles.L.Dasilva@spambob.com	724-219-2382	SHELBY
193	Joyce Dean	Joyce.M.Dean@trashymail.com	409-632-0869	WETUMPKA
194	Genevieve Mease	Genevieve.J.Mease@trashymail.com	718-998-4997	FRANKLIN
195	Gabriela Merrill	Gabriela.S.Merrill@mailinator.com	662-257-9552	SPRINGVILLE
196	Annie Wills	Annie.R.Wills@dodgit.com	610-540-9387	NEWTON
197	Larry Engstrom	Larry.R.Engstrom@dodgit.com	859-312-4254	LEIGHTON
198	Tina Roberts	Tina.R.Roberts@mailinator.com	503-749-5153	ALEXANDER
199	Kevin Mccann	Kevin.M.Mccann@pookmail.com	213-614-8751	WAYLAND
200	Larry Brooks	Larry.M.Brooks@mailinator.com	315-791-0329	ERVING