id|name|email|phone
1|Olivia Leblanc|posuere.enim.nisl@nunc.org|04 03 18 71 56
2|Cole Strickland|erat.volutpat.Nulla@porttitor.edu|09 64 35 07 02
3|Hyacinth Rivera|id@Duisvolutpat.net|03 26 15 71 56
4|Jasper Delaney|mollis.Integer.tincidunt@aliquetmolestietellus.com|03 42 29 68 47
5|Alexandra Shepherd|tempor.diam.dictum@Curabitur.org|01 26 57 42 06
6|Darryl Valencia|dui.Cum.sociis@quismassa.com|02 15 46 73 86
7|Beverly Rosa|leo.in@a.net|07 06 64 81 79
8|Ciaran Trujillo|mi.ac.mattis@eutempor.net|08 61 15 01 56
9|Aquila Evans|non.enim@ametultriciessem.org|05 76 11 93 37
10|Davis Knox|aliquam@anequeNullam.net|06 08 93 65 55
11|Armand Jenkins|Maecenas.libero@auctornon.co.uk|03 27 17 44 34
12|Travis Winters|enim.commodo.hendrerit@ac.net|02 96 82 90 47
13|Ori Burks|torquent.per@nuncnullavulputate.edu|01 72 72 23 21
14|William Vazquez|eget@justofaucibuslectus.edu|09 34 27 18 59
15|Zenaida Mejia|elit.Etiam@Proinsed.com|03 45 97 38 35
16|Ashton Vega|eget@Crasegetnisi.com|01 21 64 04 86
17|Julie Calderon|orci.quis@sitamet.co.uk|05 81 47 53 72
18|Tucker Pierce|Cras@adipiscinglacusUt.net|04 73 13 48 26
19|Lenore Dodson|feugiat.Lorem.ipsum@In.com|06 03 44 76 58
20|Emily Spencer|Suspendisse.tristique@etlacinia.ca|09 21 20 54 35
21|Troy Petty|rutrum.eu@acorci.net|03 11 53 03 73
22|India Townsend|nibh@inconsectetueripsum.co.uk|07 93 12 93 55
23|Guy Webb|massa.Quisque.porttitor@eleifendCras.com|06 24 25 49 24
24|Sheila Christian|magna.Praesent.interdum@ante.edu|03 54 20 93 28
25|Gwendolyn Barr|Aenean.gravida@pedeCrasvulputate.edu|05 62 10 82 19
26|Ariana Charles|sed.dictum.eleifend@Curabitur.edu|07 62 97 98 70
27|Austin Kirby|in.dolor.Fusce@tristique.ca|01 70 58 30 55
28|Noelle Moran|dignissim.pharetra@semperauctorMauris.com|06 93 74 81 98
29|Xerxes Finley|a.feugiat@nuncullamcorpereu.com|05 45 05 79 31
30|Judah Hampton|condimentum.Donec@ultricies.org|05 92 40 88 14
31|Benedict Mcdonald|sem@ullamcorperDuis.com|02 75 54 17 38
32|Candice Morales|et@egetdictum.co.uk|01 88 58 39 36
33|Asher Allen|nunc.risus@vehiculaPellentesque.net|01 17 67 36 27
34|Aubrey Solis|elit.dictum.eu@scelerisque.org|01 70 10 22 39
35|Lawrence Keller|Sed@suscipitestac.edu|09 93 77 12 03
36|Melanie Cervantes|et@Loremipsumdolor.co.uk|01 94 96 05 92
37|Dieter Garner|vitae.risus@eu.net|01 43 79 21 10
38|Katelyn Adkins|sit.amet.faucibus@commodotincidunt.co.uk|05 92 50 37 10
39|Christian Holmes|Phasellus.ornare.Fusce@malesuadafamesac.com|02 64 04 70 67
40|Sophia Goff|amet.diam.eu@hymenaeos.co.uk|06 71 51 73 29
41|Kareem Medina|Curabitur.egestas.nunc@egetmassa.ca|05 85 98 26 70
42|Oren Horn|neque.sed.sem@vulputate.com|01 20 15 74 72
43|Curran Castillo|erat.neque.non@egestas.co.uk|09 45 61 14 18
44|Natalie Bray|cubilia.Curae@neque.net|06 65 04 74 13
45|Montana Osborne|et@fringillaporttitorvulputate.ca|04 26 64 29 99
46|Nita Perez|gravida.nunc.sed@duiCraspellentesque.ca|03 33 73 47 55
47|Angela Jennings|sit@eu.org|08 44 14 04 43
48|Mercedes Ray|interdum.feugiat.Sed@eunequepellentesque.co.uk|07 50 96 73 20
49|Joy Sanchez|ultrices.posuere.cubilia@senectuset.edu|04 08 37 81 74
50|Warren Simon|elementum.purus@dignissimpharetraNam.ca|09 60 10 76 54
51|Nero Stanton|nec@convallisincursus.edu|02 65 51 90 86
52|Rae Nguyen|Suspendisse.dui.Fusce@urnanecluctus.net|07 42 77 56 12
53|Shad Cleveland|nunc@auctor.co.uk|04 56 82 77 95
54|Talon Clemons|aliquet@Nullam.ca|07 49 47 70 69
55|Jermaine Wagner|Suspendisse.non@aliquet.org|03 70 27 89 13
56|Silas Blanchard|magna.Phasellus.dolor@faucibus.com|05 94 21 61 56
57|Ulysses Cook|ante@lectusconvallisest.edu|08 84 19 91 49
58|Lewis Holland|sociis.natoque.penatibus@eu.ca|01 78 25 63 26
59|Edan Wyatt|Donec.feugiat.metus@erosProinultrices.net|02 33 53 69 30
60|Chantale Wells|Mauris.molestie@sociosquadlitora.net|05 03 98 45 58
61|Allen Lynn|neque.tellus@eratvelpede.ca|09 96 42 76 11
62|Otto Talley|enim.nisl@bibendumsedest.org|01 34 78 63 57
63|Gabriel Schwartz|ultricies.ligula.Nullam@eratin.edu|04 13 72 41 25
64|Breanna Holloway|Mauris.nulla@accumsanneque.edu|02 65 15 05 79
65|Amena Barker|ut@viverra.co.uk|01 41 44 41 68
66|Charissa Branch|felis@laciniaorci.ca|06 90 08 51 25
67|Orli Norman|bibendum@semper.ca|06 92 15 83 41
68|Dieter Ferrell|sed.facilisis@tincidunt.com|09 32 74 97 67
69|Timon Booth|non@et.ca|08 24 54 15 18
70|Troy Ramirez|hendrerit@justositamet.com|01 01 04 02 63
71|Felix Fitzpatrick|elit@ornare.edu|08 41 97 67 31
72|Casey Brown|Curae.Phasellus.ornare@loremauctorquis.ca|02 72 09 95 47
73|Magee Whitley|libero@nunc.net|02 63 66 74 43
74|Barrett Gentry|tempus.non@egestasblandit.org|05 69 97 59 97
75|Keane Robbins|velit@Nuncacsem.edu|09 44 22 67 38
76|Cailin King|Cras.dictum@parturientmontesnascetur.net|04 06 68 12 88
77|Kevyn Bean|Cras@sociosqu.edu|02 19 89 98 57
78|Chanda Warren|vehicula.et@Aeneaneget.com|01 94 20 59 74
79|Garrison Henry|Phasellus@blanditNam.co.uk|01 63 69 44 15
80|Rae Miller|dolor@atlacusQuisque.org|07 51 76 31 32
81|Dolan Diaz|ac.libero.nec@sitametdiam.net|07 58 33 96 42
82|Lacy Avila|lacus@ac.com|02 80 71 76 85
83|September Dixon|orci.luctus.et@Sedcongueelit.org|04 37 52 71 04
84|Boris Stephens|Nulla.dignissim@ullamcorper.com|07 43 74 64 34
85|Nigel Petersen|dolor.dapibus@euultricessit.com|05 25 23 60 94
86|Carissa Mendez|mi.fringilla@etpedeNunc.net|07 20 77 48 67
87|Odessa Rosales|turpis.vitae.purus@IncondimentumDonec.org|08 05 01 83 55
88|Cameron Benjamin|Vivamus.nisi.Mauris@necmaurisblandit.edu|07 80 48 29 10
89|Britanney Rasmussen|vitae.aliquet.nec@enimCurabitur.org|03 98 80 76 98
90|Ezra Chen|sagittis.augue@egestas.ca|05 57 54 83 37
91|Rhonda Gomez|scelerisque.dui@Maurisvel.net|09 20 65 77 71
92|Brody Peterson|aliquet.vel.vulputate@musProin.com|06 60 44 93 84
93|Noah Wynn|tincidunt.adipiscing.Mauris@nisidictumaugue.ca|07 57 80 88 31
94|Sybil Bernard|ac@cubiliaCurae.org|06 01 90 67 23
95|Chancellor Villarreal|quis.pede@euismodin.ca|03 63 99 59 77
96|Shelley Ballard|porttitor@pedenec.org|02 12 95 56 36
97|Mason Wells|vel@Aliquam.org|04 75 16 72 85
98|Lars Mcdonald|Cras.lorem@Loremipsum.ca|06 87 09 38 43
99|Willa Alexander|gravida.molestie.arcu@noncursus.co.uk|09 86 49 45 96
100|Ray Bailey|Vestibulum@famesacturpis.net|06 26 39 12 36