id,name,email,date
1,Norman Huff,at.egestas@nunc.ca,10.09.07
2,Barbara Chan,convallis@Integersemelit.net,19.10.01
3,Daria Harrell,suscipit.nonummy@Integervulputaterisus.org,23.07.04
4,Yen Koch,malesuada@dolornonummy.edu,24.09.09
5,Ray Adams,libero.at.auctor@sapien.co.uk,14.08.12
6,MacKensie Colon,primis.in@pretiumnequeMorbi.co.uk,22.06.05
7,Adrian Weaver,interdum.enim.non@tellusNunc.net,07.09.12
8,Morgan Dale,ipsum.sodales@egetlaoreet.com,04.11.07
9,Tate Barton,tincidunt.pede.ac@faucibus.net,31.12.13
10,MacKensie Herrera,quis@Phasellus.edu,12.10.06
11,Winter Durham,lacus.Quisque@egetvolutpat.co.uk,21.11.14
12,Zena Powell,turpis@infaucibus.net,04.05.15
13,Nissim Barnes,fermentum@convallisconvallisdolor.com,25.10.05
14,Emma Cherry,nisi@mattis.ca,27.08.08
15,Alisa Dillon,fermentum.vel.mauris@arcuCurabitur.co.uk,01.06.01
16,Pearl Lawrence,urna.Nunc@nec.net,15.11.01
17,Carlos Barnett,cubilia@velitPellentesque.co.uk,12.07.10
18,Shelly Owen,at@necorci.edu,21.03.08
19,Dalton Mclean,Nulla.aliquet@convallisestvitae.com,14.03.07
20,Ria Hicks,ante@malesuada.net,25.04.12
21,Curran Griffin,gravida.non.sollicitudin@metusVivamuseuismod.edu,27.02.02
22,Clare Neal,Quisque.purus.sapien@Praesent.edu,14.11.05
23,Jonas James,mollis.Integer.tincidunt@facilisis.ca,12.09.14
24,Kathleen Lambert,magna.Nam.ligula@enimnec.org,18.09.09
25,Roary Wright,orci.lobortis.augue@IncondimentumDonec.ca,15.10.14
26,Malachi Wood,Curabitur@Vivamus.edu,03.06.08
27,Sybil Campbell,ornare.libero@eleifend.org,30.09.01
28,Claire Jensen,id@magna.co.uk,05.06.15
29,Mercedes Everett,bibendum.fermentum.metus@Donectempuslorem.net,11.01.07
30,Preston Reynolds,sollicitudin@risus.ca,03.08.04
31,Laura Beard,auctor.odio@lobortismauris.com,08.12.13
32,Felix Buck,velit@liberoDonec.net,01.05.10
33,Cassandra Head,nascetur@lacusvestibulumlorem.org,26.05.11
34,Caryn Scott,non@feugiat.co.uk,22.01.16
35,Stewart Osborn,quis@parturient.ca,13.05.03
36,Dale Jacobson,Integer.aliquam.adipiscing@mollisPhasellus.co.uk,21.02.08
37,Dara Hunter,id.enim@quam.ca,10.06.10
38,Declan Bush,convallis.dolor.Quisque@neque.ca,08.10.13
39,Xenos Kidd,nec.mollis.vitae@quisdiam.net,28.12.07
40,Martin Cooper,aliquam@temporbibendumDonec.com,24.07.16
41,Lana Hughes,nec.ligula@imperdietornareIn.net,15.01.14
42,Hedley Buckner,et@eu.net,23.02.07
43,Halla Foreman,arcu.imperdiet@ami.ca,03.09.06
44,Quinn Mcdaniel,sociis.natoque.penatibus@pedeblanditcongue.com,16.10.08
45,Valentine Keith,pellentesque.tellus.sem@nequeNullam.edu,23.08.01
46,Alika Horn,aliquet.diam.Sed@gravida.net,06.04.01
47,Justin Harper,ullamcorper.magna.Sed@ipsum.ca,17.12.10
48,Margaret Terry,ipsum.porta@nonquamPellentesque.co.uk,04.07.15
49,Debra Farrell,eget@necurna.net,18.09.09
50,Alden Bailey,libero.et.tristique@velitPellentesqueultricies.org,29.07.15
51,Claire Mcfarland,ac.sem.ut@cursus.com,19.11.06
52,Vivien Booker,malesuada@ullamcorper.ca,16.01.13
53,Arden Burris,urna.Vivamus@Crasdolor.ca,05.06.04
54,Ivana Armstrong,gravida@egetvenenatisa.org,22.03.06
55,Anjolie Mosley,nec.imperdiet@a.co.uk,11.02.09
56,Ethan Avery,In@tincidunt.edu,24.04.05
57,Karleigh Compton,molestie.in.tempus@ipsumDonecsollicitudin.net,08.12.10
58,Vielka Mueller,Proin.velit.Sed@euerat.co.uk,09.04.10
59,Debra Green,ac.tellus.Suspendisse@gravidanonsollicitudin.net,15.12.14
60,Fatima Rich,lorem.fringilla@Sed.com,24.08.04
61,Quincy Carter,pellentesque.a.facilisis@turpis.ca,24.05.13
62,Adria Vance,varius@Crasvehicula.net,01.03.04
63,Ahmed Baird,at@diamloremauctor.org,01.07.14
64,Shafira Barnett,libero@Utsagittislobortis.org,20.12.04
65,Gil Ochoa,neque.sed@ullamcorper.org,28.04.10
66,Reed Fuentes,ac.tellus.Suspendisse@ridiculusmus.com,22.06.14
67,Neve Bridges,magna.tellus@laciniaatiaculis.net,07.02.08
68,Hayden Harrell,Sed.id@necurnasuscipit.org,25.10.10
69,Kermit Skinner,ac.arcu@fermentumconvallis.com,09.04.09
70,Chantale Rosales,eget@risusQuisquelibero.org,22.01.13
71,Solomon Carroll,ipsum@quisturpis.net,06.08.07
72,Illiana Armstrong,dictum@mauris.co.uk,08.07.14
73,Kenneth Campbell,arcu.imperdiet.ullamcorper@aultriciesadipiscing.net,09.03.13
74,Silas Finch,nec.quam@tinciduntneque.com,04.03.09
75,Gareth Snider,eget.dictum.placerat@massarutrum.co.uk,19.02.04
76,Ashely Griffith,senectus.et@convalliserat.edu,09.10.15
77,Shoshana Long,sem.eget.massa@liberolacusvarius.co.uk,21.04.02
78,Ray Barr,nec.imperdiet.nec@sedpede.ca,08.09.05
79,Kay Wall,dictum.mi.ac@natoquepenatibuset.org,20.07.15
80,Daniel Clark,Donec@metus.org,23.09.01
81,Lillian Nichols,rutrum@nuncullamcorpereu.com,13.07.12
82,Yoshi Fry,nec.ante.blandit@nec.com,19.12.13
83,Alexa Herman,sit@nibhenim.co.uk,06.10.06
84,Stewart Anthony,enim@sagittissemperNam.net,30.05.15
85,Travis Schwartz,Donec.porttitor@enimSed.edu,24.09.03
86,Larissa Benton,porttitor@mauriserateget.edu,15.04.03
87,Kaseem Le,lobortis.quam.a@Aliquamultricesiaculis.edu,08.11.05
88,Kaye Ayala,et.magnis.dis@morbitristique.net,29.10.10
89,Jerome Craig,et.rutrum.eu@eu.org,01.12.10
90,Bradley Gillespie,elit.pharetra@nullaatsem.org,19.07.14
91,Laurel Barrera,turpis@pharetranibh.net,12.01.16
92,Barclay Farley,tincidunt.pede@dolor.org,29.09.06
93,Kevyn Thompson,orci.consectetuer.euismod@musAeneaneget.edu,28.03.03
94,Alec Mcleod,vel.est.tempor@luctuset.co.uk,26.11.07
95,Yvette Carver,nisi@sedhendrerita.org,22.12.05
96,Kato Crane,sapien.gravida.non@venenatisa.com,26.11.06
97,Lacota Bender,dignissim.Maecenas@enimsitamet.ca,17.02.15
98,Debra Booker,vitae@magnaDuisdignissim.com,09.05.08
99,Ora Howell,aliquet@nequeNullamut.net,10.07.01
100,Rowan Carroll,dictum.eleifend.nunc@nislelementumpurus.co.uk,14.04.15