id|name|email|phone|address
1|Roy Roberson|Roy.V.Roberson@pookmail.com|715-749-0350|1 CALLE ALFREDO MEDINA
2|Patricia Davis|Patricia.C.Davis@pookmail.com|918-339-3168|100 BROADWAY DR
3|Thomas Seal|Thomas.S.Seal@pookmail.com|916-444-8037|100 OGIENE CIR
4|Stacey Murray|Stacey.D.Murray@mailinator.com|719-369-9461|1 CITY CTR STE 600
5|Wilson Gardner|Wilson.S.Gardner@trashymail.com|908-563-2353|100 KINGS CT
6|Thomas Sheppard|Thomas.M.Sheppard@pookmail.com|315-207-0041|102 SECOND ST
7|Mark Pham|Mark.A.Pham@mailinator.com|541-294-1461|1021 SEMINOLE BLVD
8|Robert Keller|Robert.M.Keller@pookmail.com|636-326-9384|1 DUNBARTON DR
9|Virginia Torres|Virginia.R.Torres@mailinator.com|646-706-2059|1 MEHUAH WAY
10|Anna Eilers|Anna.G.Eilers@spambob.com|815-447-3600|1 RIVERSIDE DR
11|Geraldine Burton|Geraldine.B.Burton@spambob.com|956-262-6348|1 CALLE YAGRUMO
12|Carrie Quinones|Carrie.J.Quinones@spambob.com|484-399-9910|1 WILSON RIDGE ESTATE RD
13|William Cox|William.R.Cox@mailinator.com|805-415-9287|10 E BROAD ST STE 1
14|Vannesa Hubbard|Vannesa.F.Hubbard@trashymail.com|918-761-4772|1024 S APACHE LN APT A
15|Kimberly Ryan|Kimberly.J.Ryan@dodgit.com|805-357-8160|101 OAK AVE
16|Francis Hunsaker|Francis.B.Hunsaker@dodgit.com|256-355-9084|100 CAMPUS DR STE 250
17|Christopher White|Christopher.L.White@pookmail.com|734-953-7533|1003 CROSS BRONX EXPY
18|Rhoda Chason|Rhoda.B.Chason@mailinator.com|408-923-7535|1 EXPOCENTRE DR STE D
19|Crystal Holder|Crystal.D.Holder@dodgit.com|806-254-1568|1 HORACE MANN PLZ
20|John Rosales|John.A.Rosales@mailinator.com|702-920-8245|101 S 2ND ST APT 920
21|Shana Branch|Shana.W.Branch@pookmail.com|818-786-4417|100 SUMNER AVE
22|Patrick Peak|Patrick.E.Peak@dodgit.com|585-222-7166|100 2ND ST
23|Sarah Warner|Sarah.G.Warner@dodgit.com|615-991-8425|10 S MAIN ST STE 13
24|Bernard Chung|Bernard.D.Chung@spambob.com|970-354-3518|1 GRIRIO LN NE
25|Pedro Fischer|Pedro.E.Fischer@trashymail.com|774-872-0766|10101 KEMPWOOD DR APT 155
26|Howard Clements|Howard.R.Clements@trashymail.com|609-362-7967|10436 HIGH HOLLOWS DR APT 142
27|Bernice Sato|Bernice.T.Sato@dodgit.com|757-894-8392|1 N FITIAR LN
28|Victoria Brooks|Victoria.C.Brooks@pookmail.com|562-464-3098|1 ABBEY CT
29|William Wardle|William.J.Wardle@trashymail.com|816-997-8773|1034 NASON ST NW
30|Matthew Williams|Matthew.F.Williams@dodgit.com|309-626-7085|1001 LAKEWOOD DR
31|George Brooks|George.S.Brooks@spambob.com|865-237-2705|1010 CURTISS ST STE 1
32|Veronica Johnson|Veronica.R.Johnson@pookmail.com|310-283-9705|105200 E LAMERIEW AVE
33|Gwen Richardson|Gwen.A.Richardson@pookmail.com|360-264-6346|114 DEER TRACE TRL
34|Lloyd Lee|Lloyd.J.Lee@pookmail.com|215-277-3069|111 SHERMAN ST
35|Ricardo Jones|Ricardo.M.Jones@pookmail.com|518-936-9342|108 W STATE ST STE 1
36|Charles Barron|Charles.R.Barron@trashymail.com|985-732-5874|107 RODNEY BLDG
37|Steven Pfeffer|Steven.F.Pfeffer@mailinator.com|570-574-4800|1066 RACE TRACK RD
38|Regina Smith|Regina.W.Smith@dodgit.com|360-647-2659|10448 PETROS HWY
39|Willie Benson|Willie.K.Benson@trashymail.com|310-788-1848|1037 E 15TH ST
40|Scott Benjamin|Scott.L.Benjamin@mailinator.com|251-236-1373|106 N 2600 W
41|Patrick Eubanks|Patrick.M.Eubanks@mailinator.com|785-878-9966|10937 78TH ST NE
42|John Boudreau|John.M.Boudreau@mailinator.com|480-600-7692|11 ALVENA AVE STE 105
43|Annie Neary|Annie.R.Neary@spambob.com|580-478-1347|11 AIRPORT RD STE 1
44|Tracy Dotson|Tracy.T.Dotson@pookmail.com|847-978-7325|10499 CASA LINDA
45|Jesus Peters|Jesus.M.Peters@mailinator.com|732-880-7342|10935 ESTATE LN STE 150
46|Heather Smith|Heather.A.Smith@dodgit.com|586-293-0844|114 COOPERS LN
47|John Mcdonald|John.T.Mcdonald@trashymail.com|651-214-5956|108 W GREEN ST APT 206
48|Michael Vasquez|Michael.S.Vasquez@trashymail.com|808-441-7802|10445 SPRING VALLEY RD
49|Vanesa Grant|Vanesa.L.Grant@mailinator.com|815-629-3879|1052 SPRING BANK LN
50|Helen Banker|Helen.B.Banker@mailinator.com|828-883-8736|111 S WASHINGTON AVE TRLR 14
51|Charlotte Ortiz|Charlotte.J.Ortiz@trashymail.com|308-280-8506|1066 OVINGTON AVE
52|Carrie Cassady|Carrie.K.Cassady@spambob.com|435-203-5524|106 MICHAELS AVE
53|Robert Baxter|Robert.B.Baxter@pookmail.com|717-438-5298|107 RAY ST APT 1
54|Ramon Peyton|Ramon.C.Peyton@trashymail.com|806-675-1942|1 CALLE ACOSTA
55|Marianne Muse|Marianne.O.Muse@pookmail.com|908-388-6076|100 KINGS CT
56|Michael Lipscomb|Michael.E.Lipscomb@trashymail.com|912-484-7344|10435 CRESTWOOD DR S
57|Lloyd Young|Lloyd.N.Young@dodgit.com|928-542-1531|100 2ND ST
58|Anthony Giguere|Anthony.N.Giguere@dodgit.com|704-476-1618|100 BRIGHTLING WAY
59|Todd Childers|Todd.R.Childers@trashymail.com|813-426-3390|100 SUGAR HOLLOW RIDGE RD
60|Michael Dowd|Michael.S.Dowd@mailinator.com|215-299-2719|1 RIVERFRONT PLZ
61|Sherley Lee|Sherley.T.Lee@trashymail.com|504-349-6513|1 WILLOWDALE DR
62|Jose Russell|Jose.E.Russell@spambob.com|406-799-6084|10 E BLACKWELL ST # 9111 # 1419
63|Daniel Burns|Daniel.C.Burns@mailinator.com|928-654-7833|102 S MAIN ST
64|Joshua Major|Joshua.A.Major@spambob.com|856-983-4645|10101 FORUM PARK DR APT 2057
65|Jennifer Childers|Jennifer.C.Childers@spambob.com|931-845-8980|1021 PARK AVE APT 3L
66|Sarah Klahn|Sarah.R.Klahn@mailinator.com|404-635-8673|1 N DANIEL ST
67|Doris Cherry|Doris.P.Cherry@spambob.com|954-806-9780|1010 CADIZ ST STE 100
68|Susan Perine|Susan.C.Perine@pookmail.com|661-399-8155|1024 N 1ST ST
69|Kathy Johnson|Kathy.D.Johnson@spambob.com|913-884-1097|1 EXCHANGE PL STE 402
70|Lloyd Rich|Lloyd.D.Rich@pookmail.com|270-349-4671|1 MEDGIO AVE
71|Jerry Harrison|Jerry.T.Harrison@mailinator.com|562-359-5393|1 CALLE VISTA MAR
72|Mary Richerson|Mary.W.Richerson@dodgit.com|559-351-5389|101 NORAINDO
73|Carlene Walker|Carlene.M.Walker@spambob.com|484-932-7503|1 CIOLDS RD
74|John Ward|John.M.Ward@spambob.com|516-244-7486|100 OAKS PT
75|Russell Moody|Russell.A.Moody@trashymail.com|269-397-3549|1034 LEO ST
76|Maria Kim|Maria.C.Kim@spambob.com|906-485-2097|101 RUTA 6
77|Anita Racette|Anita.R.Racette@pookmail.com|319-482-8591|1 GREENWOOD LN
78|Glory Patel|Glory.J.Patel@pookmail.com|308-772-3361|1 HOMESTEAD PL
79|Ida Hawkins|Ida.J.Hawkins@trashymail.com|847-618-0123|1001 KINGS CIR
80|Joseph Broyles|Joseph.S.Broyles@mailinator.com|410-756-3427|1 AARON DR
81|Pamela Schank|Pamela.D.Schank@pookmail.com|631-920-3688|10 S BRIAR HOLLOW LN UNIT 10
82|Joshua Johnson|Joshua.B.Johnson@spambob.com|212-420-8607|1 DRUMMER HILL RD
83|James Burton|James.L.Burton@spambob.com|617-636-6836|1003 78TH ST S
84|Gerard Howell|Gerard.T.Howell@spambob.com|870-538-6500|100 CAMINO DE LOS LOTOS
85|Anna Gray|Anna.R.Gray@mailinator.com|512-769-8367|1 GREENWAY CT
86|Michelle Prescott|Michelle.R.Prescott@trashymail.com|770-892-0740|1 HOLLYWOOD ST
87|Ida Henderson|Ida.M.Henderson@trashymail.com|757-665-1672|100 BRADS CIR
88|Robert Gonzalez|Robert.G.Gonzalez@pookmail.com|706-435-7886|1 MEADOWVIEW AVE
89|Renee Chang|Renee.J.Chang@pookmail.com|586-437-8347|10 RIVER ST
90|Cynthia Spencer|Cynthia.J.Spencer@dodgit.com|209-755-8464|1 DOUGLASS ST
91|Amelia Randall|Amelia.J.Randall@trashymail.com|402-435-7553|102 ROMAINE AVE # 7392 # 3889
92|Karen Langer|Karen.F.Langer@pookmail.com|319-685-0218|1024 E TAYLOR TRL
93|Karen Ashcroft|Karen.J.Ashcroft@spambob.com|817-562-9338|100 KINGS CREEK DAM RD
94|Wendy Phillips|Wendy.J.Phillips@spambob.com|773-512-7087|100 1ST ST STE 100
95|Inez Carman|Inez.R.Carman@dodgit.com|757-854-5578|100 STONERIDGE CIR
96|Maria Hill|Maria.B.Hill@spambob.com|646-215-8558|1021 GRAND ST APT 3589 # 1A
97|Kimberly Joyce|Kimberly.L.Joyce@dodgit.com|530-759-5787|1 7TH ST
98|Ray Cline|Ray.D.Cline@spambob.com|808-641-3562|1 EXCELSIOR CT APT 205
99|Cathy Silvey|Cathy.M.Silvey@dodgit.com|202-464-7034|101 ROCKPORT RIDGE WAY
100|Thaddeus Bernstein|Thaddeus.L.Bernstein@spambob.com|773-664-8631|10101 EDISON AVE
101|Dorothy Galloway|Dorothy.T.Galloway@mailinator.com|602-564-1305|1 CHULA VISTA MOUNTAIN RD
102|Valerie Conrad|Valerie.S.Conrad@trashymail.com|307-466-5924|1 CALLE A PMB 4567
103|Gary Bergeron|Gary.A.Bergeron@mailinator.com|774-490-7698|10026 WILLOW COVE RD SE
104|Annette Phillips|Annette.R.Phillips@spambob.com|347-801-5599|101 NICHOLS RD
105|Roland Jones|Roland.D.Jones@spambob.com|301-782-6069|1 WILLOWBROOK LN
106|Christopher Brixey|Christopher.S.Brixey@spambob.com|815-939-7745|1 RIVER RD
107|Richard Mooneyham|Richard.D.Mooneyham@pookmail.com|419-384-8156|100 CALLE TRINITARIA
108|Eric Rhymer|Eric.A.Rhymer@pookmail.com|559-398-3914|10 DOLLY AVE
109|Denise Lamont|Denise.E.Lamont@trashymail.com|312-641-2865|1001 GOLF COURSE DR APT D3
110|Aida Lara|Aida.F.Lara@trashymail.com|978-635-9584|10433 CR 311
111|Chris Donato|Chris.M.Donato@dodgit.com|516-723-1860|1034 CHILDS AVE
112|Catherine Seddon|Catherine.R.Seddon@dodgit.com|517-420-3117|100 OAKS DR
113|Charles Fournier|Charles.L.Fournier@mailinator.com|719-763-2132|1010 AVE LUIS VIGOREAUX APT 23
114|Olivia Batten|Olivia.M.Batten@dodgit.com|603-446-6449|1 N BROADWAY STE 1001
115|Terrell Carr|Terrell.M.Carr@mailinator.com|770-791-0115|1 CALLE VENDIMIA
116|Maria Pugh|Maria.D.Pugh@pookmail.com|609-933-4983|10495 RISEN BAY
117|Tonia Graham|Tonia.W.Graham@mailinator.com|203-323-0132|114 CLINTON AVE W
118|Nicole Featherstone|Nicole.D.Featherstone@mailinator.com|716-200-6360|1066 E 21ST ST
119|Robert Yardley|Robert.L.Yardley@mailinator.com|808-599-7863|10A GARDEN PL
120|Gene Fugate|Gene.J.Fugate@pookmail.com|786-873-9350|111 S MUNN AVE APT 9C
121|Wilson Hunter|Wilson.S.Hunter@mailinator.com|818-684-8410|108 W FAYETTE ST STE 1170
122|Ann Coon|Ann.W.Coon@pookmail.com|817-249-7941|106 INGLESIDO DR
123|Lowell Cannon|Lowell.O.Cannon@pookmail.com|410-964-3373|1052 IONIA AVE NW
124|Marion Andrade|Marion.J.Andrade@dodgit.com|301-475-4404|10442 N ROUTE E
125|Kathryn Hayton|Kathryn.B.Hayton@dodgit.com|803-235-4863|10931 GREENHAVEN ST SW
126|Kirsten Conway|Kirsten.C.Conway@trashymail.com|270-654-5842|107 NORTH ST
127|Richard Cho|Richard.C.Cho@dodgit.com|541-331-7460|114 CALLE SAN JORGE
128|Maureen Speciale|Maureen.R.Speciale@dodgit.com|707-591-9346|10440 VALLEY FORGE DR APT 205
129|Beatrice Armijo|Beatrice.J.Armijo@dodgit.com|858-684-0941|111 S MUNN AVE APT 6A
130|Matthew Jonson|Matthew.C.Jonson@dodgit.com|217-408-3896|10493 STATE ROUTE 22
131|Roger Mcclellan|Roger.B.Mcclellan@pookmail.com|816-512-4202|10658 111TH AVE NE
132|Alfred Davis|Alfred.E.Davis@dodgit.com|860-872-6677|1099A JACKSON RD
133|Harold Barnhill|Harold.M.Barnhill@mailinator.com|409-232-8939|1052 CALLE FLORAL PMB 111999
134|Carla Thomas|Carla.J.Thomas@dodgit.com|916-551-0058|1093 N MILL ST
135|Leslie Awad|Leslie.J.Awad@mailinator.com|816-253-4994|106 GARDEN AVE
136|Iris Turek|Iris.A.Turek@pookmail.com|203-889-0865|108 VILLAGE DR APT F5
137|James Thomas|James.L.Thomas@trashymail.com|908-803-3534|107 N PLAZA
138|Sandra Dietz|Sandra.W.Dietz@dodgit.com|920-835-5061|1 HOLLISTER WAY N
139|Rene Fraser|Rene.V.Fraser@pookmail.com|415-767-3782|1 7TH ST
140|Frank Lewis|Frank.J.Lewis@pookmail.com|507-358-9041|100 STERLING OAKS DR APT 151
141|John Horton|John.K.Horton@dodgit.com|573-220-0333|100 KINGS CIR
142|James Boettcher|James.E.Boettcher@spambob.com|304-333-1748|1 RIPPLEWOOD DR
143|Margaret Turney|Margaret.R.Turney@dodgit.com|303-775-7623|10100 54TH CV NE
144|Felicia Miller|Felicia.A.Miller@dodgit.com|706-832-4935|10335 MORSE LAKE AVE SE
145|Terry Hassan|Terry.D.Hassan@dodgit.com|304-631-7444|100 OAK ST
146|Jay Montoya|Jay.L.Montoya@dodgit.com|412-723-9829|1 GREENOUGH ST
147|Dallas Stacy|Dallas.R.Stacy@spambob.com|702-354-1362|102 PASSAIC ST # 4395 # 3918
148|Jamie Roach|Jamie.B.Roach@pookmail.com|479-861-2558|1 MEADOWFOX RD
149|Josephine Santee|Josephine.A.Santee@mailinator.com|248-842-1603|1043 W GREENE ST
150|Julia Haynes|Julia.C.Haynes@pookmail.com|802-519-4796|1 CALLE UNIDAD
151|Travis Ruppe|Travis.S.Ruppe@mailinator.com|718-557-5912|101 NARROWS LN
152|Jennifer Spicer|Jennifer.S.Spicer@pookmail.com|479-715-3635|10 CRESTMONT RD # 5617 # 2148
153|David Hernandez|David.F.Hernandez@mailinator.com|617-939-2776|1 CALLE A EST DE GRAN VISTA
154|Sandra Mckinley|Sandra.M.Mckinley@spambob.com|757-369-0017|1 CHOWNING RD
155|Jose Dulaney|Jose.B.Dulaney@dodgit.com|434-361-1603|100 CALLE SHADDAI
156|Gloria Thurman|Gloria.W.Thurman@pookmail.com|256-964-5874|1 N ADAMSVILLE RD
157|Shannon Blackwell|Shannon.J.Blackwell@trashymail.com|208-798-4677|1 DORCHESTER LN
158|Annette Tapscott|Annette.P.Tapscott@mailinator.com|812-771-0594|1 WILLOW GLEN CIR APT 111
159|Jo Colson|Jo.A.Colson@dodgit.com|650-833-2054|100 1ST ST
160|Christie Strickland|Christie.J.Strickland@trashymail.com|936-867-0422|1001 FLATWOODS RD
161|Mary Estes|Mary.A.Estes@mailinator.com|254-415-3789|101 ZERLTY ST
162|Charles Edwards|Charles.T.Edwards@spambob.com|815-829-5421|100 BO JAGUAS
163|Kathleen Haney|Kathleen.D.Haney@trashymail.com|305-849-4145|10 RIDGE RD
164|Laura Anderson|Laura.M.Anderson@trashymail.com|252-568-8025|10021 E AVENUE R2
165|Tori Patrick|Tori.D.Patrick@trashymail.com|757-213-5476|1021 GRAND ST # 2527 # 3766
166|Shirley Richards|Shirley.C.Richards@dodgit.com|605-731-7276|1 EVERGREEN RD
167|Viola Ellis|Viola.G.Ellis@dodgit.com|913-307-3284|101 REGINA NORTH HALL
168|Luther Long|Luther.M.Long@spambob.com|719-448-1687|10239 HIGHWAY 9
169|Gabrielle Tracy|Gabrielle.D.Tracy@pookmail.com|702-871-0184|1 GREENMONT AVE
170|Romeo King|Romeo.E.King@spambob.com|916-672-1567|102 PASEO DE LA ATENAS
171|Laurie Devries|Laurie.R.Devries@trashymail.com|202-714-6530|100 OAK ST
172|Dennis Albers|Dennis.J.Albers@pookmail.com|806-539-9368|101 N WOLF RD STE 9
173|Hector Cornett|Hector.H.Cornett@pookmail.com|585-389-8199|1 RINGENBACH LN
174|Dana Cooper|Dana.M.Cooper@pookmail.com|202-378-4667|101 RAWLS SPRINGS LOOP RD
175|Henry Barclay|Henry.A.Barclay@trashymail.com|313-926-3587|1043 US 27
176|Janice Smith|Janice.C.Smith@pookmail.com|407-402-6017|1 WILLINGTON RD
177|Gregory Serna|Gregory.C.Serna@spambob.com|678-356-1108|1 MYUEIS LN
178|Justin Price|Justin.R.Price@spambob.com|706-509-8469|100 BO CALICHE
179|Barbara Acosta|Barbara.H.Acosta@spambob.com|731-451-2597|1 CHITTENDEN RD
180|Celia Maher|Celia.B.Maher@trashymail.com|810-891-7796|100 CALLE SANTIAGO R PALMER E
181|Philip Rose|Philip.C.Rose@dodgit.com|810-639-1855|10 RES FCO FIGUEROA
182|Michael Kelly|Michael.A.Kelly@mailinator.com|410-851-7473|10 COUNTY ROUTE 61
183|Albert Miller|Albert.D.Miller@trashymail.com|803-983-4584|10020 PIONEER BLVD STE 105
184|Anneliese Haynes|Anneliese.M.Haynes@trashymail.com|276-645-1352|1 CALLE A BELLA VISTA
185|Abby Marler|Abby.J.Marler@trashymail.com|407-909-3815|100 STEAMBOAT ST
186|Constance Parker|Constance.J.Parker@mailinator.com|617-483-5763|100 KINGS CIR
187|Diane Neuhaus|Diane.P.Neuhaus@dodgit.com|858-603-7553|10334 STATE ROUTE 46 PMB 7575
188|Lewis Myers|Lewis.M.Myers@trashymail.com|317-973-0197|1 5TH AVE
189|Matthew Rizo|Matthew.K.Rizo@mailinator.com|785-443-0378|1 HOLBROOK DR
190|Peggy Love|Peggy.B.Love@dodgit.com|660-438-7442|1010 WHITEHAVEN DR APT A
191|Samuel Delgado|Samuel.M.Delgado@mailinator.com|850-314-6916|1021 GOOD SPRINGS LOOP
192|Beth Lynch|Beth.E.Lynch@trashymail.com|210-565-2016|10238 N AMITY AVE
193|Charles Mcadoo|Charles.D.Mcadoo@mailinator.com|859-247-9824|1 MEADOWCREST DR
194|Rosalie Clarke|Rosalie.B.Clarke@spambob.com|612-659-7979|1 EVERGREEN PL
195|Wayne Nelson|Wayne.B.Nelson@spambob.com|863-676-7083|1 DONA RD
196|Sarah Becker|Sarah.B.Becker@spambob.com|979-753-6499|1001 FIRETOWER RD
197|Morris Marone|Morris.J.Marone@dodgit.com|662-714-4369|1 CALLE TURQUESA
198|Dorothy Delavega|Dorothy.M.Delavega@trashymail.com|606-271-1454|101 WULRCO DR
199|Jaunita Bailey|Jaunita.G.Bailey@pookmail.com|405-359-7573|100 1ST ST
200|Robert Watson|Robert.N.Watson@spambob.com|228-432-8838|1073 COUNTY ROUTE 10
201|Patricia Santamaria|Patricia.P.Santamaria@pookmail.com|409-349-3907|106 GANDESA WAY
202|Kenneth Wilson|Kenneth.E.Wilson@mailinator.com|402-266-2043|10656 HALLWOOD
203|Carrie Morton|Carrie.J.Morton@dodgit.com|262-993-6866|111 S MUNN AVE APT 3G
204|Rodney Ward|Rodney.O.Ward@dodgit.com|903-619-3099|108 VILLA SONSIRE
205|Mary Proffitt|Mary.B.Proffitt@mailinator.com|269-397-7248|1093 MOUNT OLIVE TRL
206|Clinton Sharp|Clinton.D.Sharp@pookmail.com|310-597-0334|10440 SOUTH DR APT 2510
207|Catherine Shannon|Catherine.J.Shannon@dodgit.com|334-304-4590|10492 12TH ST SW
208|Robert Bradshaw|Robert.A.Bradshaw@pookmail.com|513-285-5128|114 CALLE GEN CONTRERAS
209|Troy Barber|Troy.J.Barber@mailinator.com|323-572-5358|10517 STAFFORD RD
210|Laura Drain|Laura.J.Drain@trashymail.com|325-671-1162|107 N HALE ST STE 200
211|Freddie Hickey|Freddie.N.Hickey@trashymail.com|269-509-3374|10398 16TH ST SW
212|Willard Damore|Willard.T.Damore@mailinator.com|303-475-7009|1055 HIGH MEADOW DR
213|Richard Smart|Richard.J.Smart@pookmail.com|781-764-7687|1061 INMAN AVE APT A101
214|Michael Keaton|Michael.M.Keaton@dodgit.com|912-443-0988|114 MAHANOY RIDGE RD
215|Michael Rice|Michael.P.Rice@dodgit.com|410-291-4138|1096 W DECATUR ST OFC
216|Jacqueline Sweeney|Jacqueline.M.Sweeney@dodgit.com|720-406-7192|10825 S 85 E
217|Russell Parks|Russell.L.Parks@dodgit.com|361-375-6400|10692 STATE ROUTE 81
218|Scott Travis|Scott.L.Travis@trashymail.com|334-817-9641|11 COMPUTER DR W STE 102
219|William Simons|William.J.Simons@trashymail.com|970-542-6587|10264 W BABBS GROVE RD
220|Fred Powers|Fred.M.Powers@trashymail.com|413-717-7516|11779 DUTCHESS LN
221|Terry Bigham|Terry.P.Bigham@pookmail.com|610-253-4192|10755 FALLS RD STE 200
222|Vergie Roman|Vergie.J.Roman@spambob.com|562-413-0498|1087 E VICTORY DR
223|Catherine Thaxton|Catherine.G.Thaxton@trashymail.com|215-379-3107|1 WOODCHUCK HILL RD
224|Frances Games|Frances.D.Games@dodgit.com|715-386-6480|1 CALLE ELENA SEGARRA
225|Jacelyn Lord|Jacelyn.J.Lord@dodgit.com|857-413-3916|1 PENNINGTON LAWRENCEVILLE RD
226|Heather Broadwater|Heather.W.Broadwater@dodgit.com|502-538-7376|1 MUKHIR ST
227|Chasity Kisner|Chasity.S.Kisner@mailinator.com|315-794-9519|1 BLACKBERRY LN
228|Richard Drury|Richard.T.Drury@spambob.com|217-286-3590|1 NORTHEAST RD
229|James Prentice|James.M.Prentice@pookmail.com|256-599-7782|100 MANGA ST
230|William Ray|William.A.Ray@trashymail.com|732-517-8901|100 PLAMMS RD
231|Louis Henson|Louis.K.Henson@spambob.com|574-360-5385|1 CHADBOURNE RIDGE RD
232|Stacy Kirkpatrick|Stacy.C.Kirkpatrick@dodgit.com|917-632-6606|10110 WESTVIEW DR APT 2703
233|Elenor Davis|Elenor.R.Davis@pookmail.com|601-483-7987|100 ANDREWS DR
234|Robert Mueller|Robert.A.Mueller@pookmail.com|870-231-1261|1009 2ND ST SE
235|Karl Dunn|Karl.M.Dunn@dodgit.com|330-929-2813|103 CNDLRIA RD NE
236|Mary Cuomo|Mary.G.Cuomo@mailinator.com|620-228-0608|1 ELIZABETH WAY
237|Clyde Schaub|Clyde.M.Schaub@mailinator.com|218-354-6129|1 JAKOVA AVE
238|Violet Dooley|Violet.M.Dooley@pookmail.com|630-217-6803|1 VALLEYBROOK RD
239|Lavina Bloomfield|Lavina.J.Bloomfield@mailinator.com|712-264-9872|101 AVENUE K
240|Donna Schoenfeld|Donna.J.Schoenfeld@trashymail.com|765-683-6326|10176 NE 109TH AVE
241|Fred Robertson|Fred.S.Robertson@dodgit.com|502-540-6133|1000 NE LOOP 820
242|Brian Cline|Brian.N.Cline@spambob.com|801-223-6403|1030 SN PDRO DR NE
243|Edward Fife|Edward.C.Fife@pookmail.com|734-761-8277|101 INDIAN TRAIL RD
244|Meagan Hubbard|Meagan.S.Hubbard@dodgit.com|770-608-3216|1 SOUTHWELL CT
245|Tammy Grier|Tammy.P.Grier@mailinator.com|909-709-8126|1 RYANS TER
246|Clifford Leone|Clifford.L.Leone@mailinator.com|301-740-2784|1 ALLEN MILL BRIDGE RD
247|Guy Patton|Guy.M.Patton@pookmail.com|860-838-6066|1005 W MARION ST APT 204C
248|John Neighbors|John.K.Neighbors@spambob.com|734-408-5639|10136 E RIVER SOUTH RD
249|Alisa Harris|Alisa.G.Harris@spambob.com|630-985-6220|1 CRESTVIEW CT
250|Lawrence Bostic|Lawrence.J.Bostic@mailinator.com|320-491-5974|100 F ST NE
251|Richard Blake|Richard.L.Blake@mailinator.com|803-927-5828|101 CALLE FLAMINGO
252|John Knight|John.I.Knight@dodgit.com|972-640-1001|100 W SELDEN ST
253|Joshua Pierce|Joshua.A.Pierce@spambob.com|901-473-4168|1 BONDS RD
254|Pam West|Pam.D.West@pookmail.com|623-516-4381|101 E PRINCETON RD
255|Clifton Mckim|Clifton.B.Mckim@spambob.com|910-700-2605|10331 MORNINGVIOW
256|Sadye Lueck|Sadye.L.Lueck@dodgit.com|410-485-7411|100 BLUE MOUNTAIN VIEW DR
257|Bo Brown|Bo.C.Brown@trashymail.com|410-989-9833|100 OAK HILL ESTATE RD
258|Brianna Savage|Brianna.R.Savage@mailinator.com|208-767-4453|1 CALLE SUAU
259|Oscar Christensen|Oscar.W.Christensen@pookmail.com|619-563-1958|1 DEVEREAUX RD
260|Troy Hughes|Troy.A.Hughes@spambob.com|719-727-9740|1 GREENFIELD AVE
261|Virginia Holder|Virginia.M.Holder@dodgit.com|602-426-9124|1010 STONY HILL RD STE 175
262|Charlotte Bryan|Charlotte.G.Bryan@spambob.com|661-413-1848|101 WILLOW AVE # 1778 # 1460
263|Rita Moore|Rita.R.Moore@trashymail.com|978-732-8583|1 KIGLMI LN
264|Elizabeth Ramos|Elizabeth.R.Ramos@dodgit.com|206-749-7953|1021 10TH AVE NW
265|Eugene Bush|Eugene.C.Bush@pookmail.com|850-598-7062|100 1ST AVE W
266|Paula Hudson|Paula.K.Hudson@dodgit.com|540-775-8640|1 RIDGEWAY RD
267|Mercedes Cunningham|Mercedes.B.Cunningham@trashymail.com|979-240-6483|1001 E WALNUT ST STE 100
268|James Lyles|James.V.Lyles@dodgit.com|215-944-9994|1 BEECHMONT AVE
269|Sarah Mark|Sarah.S.Mark@spambob.com|404-588-5704|1 2ND ST APT 202
270|Randy Chandler|Randy.M.Chandler@spambob.com|785-679-6054|100 CALLE REMO
271|Elizabeth Tate|Elizabeth.J.Tate@dodgit.com|303-852-8422|1 CALLE 9
272|Clinton Romero|Clinton.L.Romero@dodgit.com|620-527-3658|1002 W 7TH ST APT 32
273|Frank Martinez|Frank.B.Martinez@spambob.com|310-381-4769|10 PIONEER WAY
274|Tiffany Lewis|Tiffany.B.Lewis@spambob.com|561-692-0699|1043 MCCARLEY RD
275|James Gorski|James.E.Gorski@dodgit.com|815-461-0192|10 CONGRESS ST APT 408 # 2077
276|Candice Flowers|Candice.E.Flowers@mailinator.com|252-413-2137|1 WILLIAMS ST
277|Jason King|Jason.A.King@spambob.com|801-979-3285|100 STATE ROUTE A
278|Lynwood Walton|Lynwood.D.Walton@spambob.com|302-897-0422|10234 N BASS LAKE RD
279|Toshia Jim|Toshia.K.Jim@mailinator.com|641-445-6354|1 MEADOWBROOK LN
280|Henry Pinkney|Henry.E.Pinkney@pookmail.com|678-708-5701|101 N MAIN ST RM 203
281|Karen Rollins|Karen.J.Rollins@mailinator.com|425-306-7999|100 JOHNS RD NW
282|Shanna Camacho|Shanna.D.Camacho@pookmail.com|636-642-5354|1 ESKOUF DR
283|Lance Busch|Lance.L.Busch@trashymail.com|707-352-0552|101 PRINCE JOHN DR
284|Aaron Norris|Aaron.G.Norris@trashymail.com|775-218-1919|1 HILLVIEW CT
285|Charles Jackson|Charles.N.Jackson@pookmail.com|845-452-5386|102 N PLAZA
286|Helen Hochstetler|Helen.G.Hochstetler@trashymail.com|480-373-7201|1049 RIVERVIEW DR
287|Jeanne Ball|Jeanne.C.Ball@pookmail.com|785-345-9762|106 E 500 S
288|William Oconnor|William.C.Oconnor@dodgit.com|310-477-7856|1093 18TH AVE
289|Mary Baughn|Mary.J.Baughn@mailinator.com|618-604-5548|11399W FEDERAL FOREST RD 2213
290|James Davison|James.D.Davison@trashymail.com|205-739-5719|10726 134TH AVE NW
291|Harriette Williams|Harriette.R.Williams@pookmail.com|830-833-0580|10440 SOUTH DR APT 101
292|Bonnie Ramirez|Bonnie.J.Ramirez@mailinator.com|212-831-1704|107 MICHAELS AVE
293|Rosaura Santee|Rosaura.E.Santee@spambob.com|305-889-1153|1065 YEW BOULEVARD KP N
294|Becky White|Becky.A.White@dodgit.com|415-404-5455|10510 SIX PINES RD APT 6107
295|Tracy Owen|Tracy.H.Owen@trashymail.com|507-873-3878|108 SHERATON LN
296|Robin Pelfrey|Robin.A.Pelfrey@pookmail.com|516-309-9333|111 S GARLAND AVE STE 444
297|Teddy Ramirez|Teddy.G.Ramirez@trashymail.com|765-987-9119|106 CRESTVIEW AVE
298|Christine Hutchings|Christine.I.Hutchings@dodgit.com|319-297-4860|1051 WING ST
299|Howard Smith|Howard.A.Smith@pookmail.com|252-314-3914|1065 US 27
300|Mary Wenzel|Mary.J.Wenzel@dodgit.com|309-735-2285|10929 N 600 W
301|Beverly Kroger|Beverly.J.Kroger@mailinator.com|609-402-2245|10440 HIGH HOLLOWS DR APT 146
302|Donald Vacca|Donald.R.Vacca@dodgit.com|724-296-3814|107 MARIA LN
303|Laronda Reynolds|Laronda.J.Reynolds@mailinator.com|847-590-5974|11399 AVENUE 408 # 4846
304|John Schultz|John.A.Schultz@dodgit.com|919-412-1935|108 SE FARM RD
305|Michael Larson|Michael.T.Larson@pookmail.com|252-766-6774|111 S GARLAND AVE STE 214
306|Carlos Preusser|Carlos.J.Preusser@mailinator.com|325-239-4782|1049 PENDANT LN NW
307|Paul Lafleur|Paul.P.Lafleur@dodgit.com|443-458-3874|10724 DURLAND AVE NE
308|George Caldwell|George.S.Caldwell@mailinator.com|208-457-3127|101 WESTMINISTER PL
309|Elizabeth Ament|Elizabeth.R.Ament@spambob.com|218-764-1497|10330 N BRINTON RD
310|Judith Hamlin|Judith.J.Hamlin@trashymail.com|801-416-2148|1 WILLIAM ST
311|Shirley White|Shirley.S.White@dodgit.com|217-945-8177|1 MEADOWBROOK DR
312|Stephanie Nadeau|Stephanie.J.Nadeau@pookmail.com|323-841-2425|1 CALLE 8 BO MAGUEYES
313|Sharon Wallace|Sharon.B.Wallace@mailinator.com|913-713-1743|100 1ST AVE NE APT 287
314|Gayle Smith|Gayle.L.Smith@trashymail.com|508-216-8598|1 ENTERPRISE DR
315|Jean Beasley|Jean.L.Beasley@trashymail.com|801-890-1605|10231 MIDAS DR
316|Roy Valencia|Roy.B.Valencia@dodgit.com|617-219-2469|1 GREENBRIER RD
317|Gregory Brewton|Gregory.M.Brewton@mailinator.com|928-340-9654|100 STATE ROUTE 369
318|Rory Williams|Rory.M.Williams@pookmail.com|401-667-1274|1 HILLSIDE TER
319|Mary Rutt|Mary.S.Rutt@trashymail.com|863-471-7679|100 JOHNS RD
320|Richard Bowen|Richard.J.Bowen@mailinator.com|608-426-4978|1001 E TOUHY AVE STE 135
321|Ramona Webb|Ramona.B.Webb@spambob.com|281-442-0129|100 OAK HILL DR
322|Virginia Scott|Virginia.J.Scott@dodgit.com|361-757-1642|1010 OCEANFRONT PMB 27384
323|Leonardo White|Leonardo.S.White@mailinator.com|903-249-1044|10208 N 750 E
324|Myra Church|Myra.H.Church@trashymail.com|318-442-6825|1 BEAVER RUN CIR W
325|Barbara Foster|Barbara.B.Foster@pookmail.com|828-555-9486|101 POST OAK ST
326|Ronald Austin|Ronald.L.Austin@trashymail.com|203-851-9476|1 KETTERING RD
327|Dennis Goolsby|Dennis.M.Goolsby@dodgit.com|917-825-9623|1002 POMPANO AVE
328|Dorothy Sledge|Dorothy.J.Sledge@pookmail.com|662-617-4077|1043 HIGHWAY 552
329|Lillian Valenzuela|Lillian.S.Valenzuela@mailinator.com|618-361-7018|1 CALLE SIMON BOLIVAR
330|Michael Smith|Michael.D.Smith@spambob.com|281-407-7201|100 BLUE BIRD LN
331|Louis Vann|Louis.T.Vann@dodgit.com|269-521-3812|1 RIDGEVIEW LN
332|Pearl Martin|Pearl.W.Martin@dodgit.com|774-555-5127|10 PENN CTR STE 800
333|Cheryl Munden|Cheryl.J.Munden@spambob.com|309-485-8249|101 N LANGFORD ST
334|Elmo Brooks|Elmo.B.Brooks@pookmail.com|859-916-7229|1 DESROSIERS ST
335|Mayme Brousseau|Mayme.T.Brousseau@mailinator.com|607-783-5682|102 N BAKER ST
336|Myra Dixon|Myra.J.Dixon@spambob.com|432-293-7105|100 CALLE RAFAEL CINTRON
337|Nancy Morales|Nancy.R.Morales@pookmail.com|580-422-2771|10 COLVIN AVE STE 101
338|Larry Kummer|Larry.A.Kummer@mailinator.com|360-464-8118|1 2ND ST
339|Kimberly Puckett|Kimberly.E.Puckett@dodgit.com|301-480-5066|10230 STATE ROUTE 15
340|Linda Schwartz|Linda.R.Schwartz@mailinator.com|618-344-3812|1 BEAUFORT RD
341|Mark Cordova|Mark.L.Cordova@spambob.com|505-299-1706|1 CALLE 7 LOS PINOS
342|Penelope Mckenzie|Penelope.B.Mckenzie@dodgit.com|870-807-5235|1 KENTVIEW LN
343|James Lacy|James.D.Lacy@pookmail.com|678-952-8986|10206 BRANTLEY
344|Sonia Spitzer|Sonia.R.Spitzer@pookmail.com|773-257-8509|100 STATE HWY UNIT 1
345|Rudolph Bell|Rudolph.M.Bell@trashymail.com|940-569-3574|1001 DEAL RD # 2305 # 3829
346|Christena Cano|Christena.J.Cano@mailinator.com|256-338-6251|100 BIG SPRING UNION RD
347|Paul Dyer|Paul.B.Dyer@mailinator.com|559-802-0899|1 WILLIAM PENN MUSEUM
348|Melvin Batts|Melvin.C.Batts@dodgit.com|608-606-1662|1033 S LONGMORE APT 613
349|Pearl Epperson|Pearl.R.Epperson@dodgit.com|805-540-2849|101 WASHINGTON LN APT M716
350|John Mckee|John.A.Mckee@spambob.com|330-461-7057|10 PARK VIS
351|Mollie Cyr|Mollie.L.Cyr@mailinator.com|413-626-3239|100 CALLE PLAYITA
352|Tiffany Amend|Tiffany.J.Amend@dodgit.com|908-775-8339|101 PINEVIEW RD
353|Cindy Lanier|Cindy.J.Lanier@dodgit.com|724-676-6461|100 JERNIGANS RD
354|Brian Taggart|Brian.M.Taggart@pookmail.com|806-331-6039|1 DELLE AVE
355|Larry Noone|Larry.C.Noone@dodgit.com|682-558-3921|102 MICHAELS AVE
356|Oscar White|Oscar.L.White@spambob.com|937-660-3638|1002 N MARKET ST
357|Willard Mcdonald|Willard.J.Mcdonald@spambob.com|516-564-7510|100 1ST AVE N
358|Michael Silvestri|Michael.M.Silvestri@pookmail.com|484-483-6787|1 HILLSIDE LN
359|Robert Grimes|Robert.S.Grimes@pookmail.com|760-606-7201|1 CALLE SANTA ROSA
360|Brian Parsons|Brian.M.Parsons@mailinator.com|615-735-5247|10 CHESTNUT ST STE 300
361|Richard Bond|Richard.L.Bond@mailinator.com|570-491-5104|1 1ST ST
362|Willie Martins|Willie.E.Martins@pookmail.com|607-583-6206|100 OAK HILL DR
363|Everett Molina|Everett.J.Molina@mailinator.com|479-643-8015|101 N AVENUE X
364|Sylvia Traylor|Sylvia.D.Traylor@trashymail.com|203-251-5897|1 RIDGELAND DR
365|Julia Garrison|Julia.R.Garrison@mailinator.com|210-674-3745|1 MEADOW VIEW LN
366|Charles Clyde|Charles.C.Clyde@spambob.com|805-968-6809|1043 CHALLENGER AVE
367|Emil Nunez|Emil.M.Nunez@spambob.com|503-599-1224|1 GREEN RIVER RANCH RD
368|Eugene Hill|Eugene.I.Hill@spambob.com|917-487-9061|1010 N 400 W
369|Ruby Butler|Ruby.R.Butler@mailinator.com|404-249-0342|1 EMBARCADERO CTR STE 2750
370|Carolyne Nick|Carolyne.C.Nick@trashymail.com|715-473-7373|11396 CHATHAM # 40133
371|Laura Bragg|Laura.A.Bragg@dodgit.com|302-389-2106|107 LAMBS RD
372|Jessica Hopkins|Jessica.M.Hopkins@dodgit.com|229-846-7724|10721 MOUNT VERNON ST APT AE-101
373|Gary Mcfadden|Gary.M.Mcfadden@pookmail.com|507-847-1080|108 S OLIVE ST
374|Travis Gruber|Travis.D.Gruber@spambob.com|704-623-8886|1051 N WILLIAMSON RD
375|Richard Nixon|Richard.L.Nixon@trashymail.com|308-258-3229|1065 SUMMIT AVE APT 1A
376|Ruth Mcnamara|Ruth.W.Mcnamara@dodgit.com|530-938-7099|10925 N 575 E
377|Donna Hatfield|Donna.J.Hatfield@pookmail.com|662-379-2228|1044 SW 44TH ST STE 620
378|Theodore Stoneman|Theodore.R.Stoneman@dodgit.com|510-260-5497|106 COURT ST
379|Patsy Haynes|Patsy.J.Haynes@trashymail.com|205-545-6726|1049 FLAT MOUNTAIN RD
380|Kathleen Simpson|Kathleen.D.Simpson@dodgit.com|309-577-7075|111 S CHERRY ST STE 1500
381|Thomas Campbell|Thomas.M.Campbell@trashymail.com|360-408-9810|108 W DIGGS AVE
382|Christopher Walker|Christopher.G.Walker@mailinator.com|517-673-4774|106 DANIELS RD
383|Karen Johnson|Karen.J.Johnson@dodgit.com|812-923-4241|1098 PR 3141
384|Nichole Taylor|Nichole.F.Taylor@mailinator.com|404-209-0255|10441 HIGH HOLLOWS DR APT 123
385|Michael Mcquaid|Michael.R.Mcquaid@dodgit.com|712-584-2870|11 HANOVER CT
386|Timothy Taylor|Timothy.G.Taylor@dodgit.com|808-459-6485|108 SEAPINES DR SE
387|Donna Heidenreich|Donna.C.Heidenreich@pookmail.com|509-925-1476|106 HOMESTEAD VILLAGE
388|Kevin Newman|Kevin.M.Newman@trashymail.com|718-935-5515|10495 FRONT ST
389|Chris Vanderbilt|Chris.J.Vanderbilt@mailinator.com|562-685-7836|105 S CHANTSONG CIR
390|James Lloyd|James.G.Lloyd@mailinator.com|636-294-7792|10280 53RD AVE N
391|Sarah Pemberton|Sarah.K.Pemberton@pookmail.com|440-897-5943|1065 W BRICE ST
392|Alex White|Alex.R.White@pookmail.com|757-256-8556|1203 12TH ST W
393|Kristen Bevan|Kristen.J.Bevan@spambob.com|503-776-4874|10725 90TH ST SE
394|Carolyn Hudson|Carolyn.P.Hudson@spambob.com|603-758-3862|10845 SW 112TH AVE APT AF-101
395|Mary Haack|Mary.R.Haack@trashymail.com|832-368-6271|10440 NE 124TH ST
396|Sharon Blankenship|Sharon.C.Blankenship@spambob.com|678-276-0806|107 MEDICAL CENTER DR
397|David Mundy|David.P.Mundy@mailinator.com|304-886-4919|107 NE CHELSEA CT
398|Samuel Pilla|Samuel.S.Pilla@spambob.com|757-539-2317|10510 OAK ST NE
399|Elizabeth Moore|Elizabeth.V.Moore@dodgit.com|574-566-3265|1093 14TH AVE NE
400|Victoria Carpenter|Victoria.P.Carpenter@pookmail.com|419-380-8409|1052 GUN CLUB RD
401|Stephanie Clack|Stephanie.O.Clack@trashymail.com|352-281-1429|1063 GRANDVIEW DR
402|Brad Groom|Brad.L.Groom@pookmail.com|804-622-1342|1066 COND AMAPOLA
403|Christine Plant|Christine.J.Plant@dodgit.com|832-433-9844|1089 E MARION ST
404|Ronald Odom|Ronald.S.Odom@dodgit.com|949-651-4530|11399 PARKGREEN LN
405|Belle Alston|Belle.D.Alston@pookmail.com|714-479-2557|114 CHERRY ST APT 1
406|Shirley Johnson|Shirley.R.Johnson@dodgit.com|305-234-9073|11796 HIGHWAY 805 # 2486
407|Aaron Frazier|Aaron.G.Frazier@spambob.com|513-566-4343|109AT FAIRFIELD WAY STE 103
408|Susan Coon|Susan.S.Coon@trashymail.com|202-394-8089|10560 102ND ST NE
409|Pearl White|Pearl.W.White@trashymail.com|860-396-5268|111 S MUNN AVE APT 7J
410|Donald Merritt|Donald.M.Merritt@pookmail.com|678-408-2385|1049 RAYCE DR
411|Marilyn Booker|Marilyn.J.Booker@pookmail.com|623-242-3831|104 HAPPY LN
412|Paul Robin|Paul.M.Robin@spambob.com|413-629-0665|10770 FM 457
413|James Stuart|James.P.Stuart@mailinator.com|410-702-8435|10930 WEYMOUTH CIR N
414|Linda Seaman|Linda.B.Seaman@dodgit.com|909-362-5211|111 S GARLAND AVE STE 314
415|Maria Reed|Maria.A.Reed@trashymail.com|402-535-1592|1001 G ST NW STE 1100W
416|Laura Kennedy|Laura.S.Kennedy@mailinator.com|406-694-7509|1 N BREAKERS ROW APT 144
417|Charles Engle|Charles.T.Engle@mailinator.com|513-769-7728|1 MEADOWVIEW AVE
418|Allan Gallegos|Allan.H.Gallegos@mailinator.com|870-282-5511|100 CALLE RAMAL
419|Nicholas Jones|Nicholas.K.Jones@mailinator.com|615-537-5206|1 WILLOWBROOK DR
420|Don Vila|Don.K.Vila@pookmail.com|415-537-9190|1 CHRISTMAS WAY
421|Earl Shuman|Earl.S.Shuman@mailinator.com|503-866-0526|10025 SHOREVIEW RD APT 131
422|Gustavo Cook|Gustavo.K.Cook@dodgit.com|617-968-5053|1 HILLVIEW CT
423|Melissa White|Melissa.D.White@mailinator.com|817-287-6224|100 BLUE BIRD LN
424|Hulda Henry|Hulda.B.Henry@mailinator.com|609-403-6909|100 CALLE TOPACIO
425|Samantha Gant|Samantha.O.Gant@trashymail.com|406-374-6245|100 WILLOW BROOK RD STE 2
426|Sheena Choi|Sheena.L.Choi@trashymail.com|252-432-4510|1010 OVINGTON AVE
427|Gloria Epp|Gloria.J.Epp@pookmail.com|630-275-7488|10 PINE ST
428|Willie Hall|Willie.C.Hall@spambob.com|618-357-4146|100 OAKLEAF CIR
429|Paul Salomon|Paul.T.Salomon@dodgit.com|612-803-4599|1 WILLIAMS BR
430|Kenneth Henry|Kenneth.M.Henry@spambob.com|760-935-3898|1 MEADOWBROOK LN
431|Dennis Lewis|Dennis.M.Lewis@mailinator.com|601-527-8597|1006 WILLIAMSBURG LN
432|Lidia Pierce|Lidia.A.Pierce@trashymail.com|708-833-6263|1 GREENVILLE DR
433|Isabelle Squier|Isabelle.D.Squier@dodgit.com|801-205-1508|101 N MAIN ST RM 202
434|Scott Senecal|Scott.H.Senecal@spambob.com|203-667-3770|100 HEATHDALE CT
435|Candice Mcbride|Candice.S.Mcbride@pookmail.com|203-444-9184|10 COLVIN AVE STE 102
436|Thomas Scheffer|Thomas.J.Scheffer@mailinator.com|610-795-7586|1 APPLE VALLEY PARK DR
437|Patricia Levy|Patricia.A.Levy@dodgit.com|678-488-0587|10209 W QUAIL HAVEN TRL
438|Edward Rodriguez|Edward.J.Rodriguez@mailinator.com|406-654-8777|1 FLAG PLZ
439|Antonio Braithwaite|Antonio.D.Braithwaite@trashymail.com|646-403-5685|1015 18TH ST NW STE 504
440|Julianna Emerson|Julianna.D.Emerson@dodgit.com|215-845-5717|1 2ND ST
441|Alicia Lyons|Alicia.S.Lyons@mailinator.com|662-565-0238|1 CALLE SONERA
442|Tina Dunkle|Tina.J.Dunkle@spambob.com|732-572-5671|101 ROCKNE MEMORIAL BLDG
443|Patricia Allen|Patricia.A.Allen@spambob.com|919-210-0829|1 STRAWBERRY HILL ST
444|Michael Turman|Michael.M.Turman@pookmail.com|213-430-2836|1012 N TINSLEY ST
445|Teresa Riddle|Teresa.W.Riddle@pookmail.com|916-483-3874|100 DAVIS AVE STE 2
446|Lillie Greer|Lillie.P.Greer@dodgit.com|608-478-1997|1 MAINE MARITIME ACADEMY
447|Effie Schultz|Effie.J.Schultz@spambob.com|281-810-6821|102 N NEIL ST FL 1
448|Lee Westcott|Lee.R.Westcott@trashymail.com|954-416-0467|101 KINGS RD
449|Marjorie Guidry|Marjorie.G.Guidry@dodgit.com|631-947-1618|1 DEVEREAUX CIR
450|Sally Spangler|Sally.A.Spangler@trashymail.com|314-902-8856|100 BOWERS RD
451|Roger Jones|Roger.M.Jones@pookmail.com|717-261-9843|1 KNOLLWOOD CT
452|Maybell Whaley|Maybell.A.Whaley@mailinator.com|305-595-7282|1002 SKYLARK RD
453|Carol Lowe|Carol.A.Lowe@trashymail.com|312-834-9696|1043 LAKESIDE DR
454|Omar Powell|Omar.L.Powell@pookmail.com|908-325-3460|10 RIVER RD
455|Maria Valdez|Maria.B.Valdez@pookmail.com|954-520-2891|1 RIDGEWAY CIR
456|Sharon Chandler|Sharon.B.Chandler@dodgit.com|605-565-6629|101 POTOMAC GROVE PL
457|Herlinda Sinkler|Herlinda.O.Sinkler@dodgit.com|919-512-7773|1 BEECH BEND PARK RD
458|George Enos|George.J.Enos@trashymail.com|212-332-8518|1019 WILLOW AVE APT 3L # 1939
459|Kevin Nilsen|Kevin.K.Nilsen@trashymail.com|863-471-3238|1 BROOKVIEW DR
460|Gloria Greenfield|Gloria.J.Greenfield@spambob.com|256-619-4823|10400 GREENTREE LN APT 1
461|Michelle Hughes|Michelle.M.Hughes@dodgit.com|304-966-0561|1 KHESOS RD
462|John Crouch|John.C.Crouch@dodgit.com|352-224-8028|1 DOUGHERTY AVE
463|Karen Livingston|Karen.D.Livingston@mailinator.com|865-685-8215|1 HOLLYWOOD AVE STE 3 # 2337
464|Joseph Meeks|Joseph.L.Meeks@dodgit.com|650-564-8392|100 1ST AVE S APT 15
465|Blake Castillo|Blake.P.Castillo@spambob.com|256-749-8424|103 N ALLEN ST
466|Tyrone Flores|Tyrone.K.Flores@mailinator.com|828-406-6590|1 DARTMOUTH RD
467|Traci Burke|Traci.J.Burke@trashymail.com|832-775-1733|1 7TH ST
468|Barbara Kessler|Barbara.T.Kessler@dodgit.com|954-301-6802|1021 GRAND ST APT 2A # 3858
469|Henry Beaver|Henry.J.Beaver@pookmail.com|574-286-8292|100 JOHNS RD
470|Richard Coughlin|Richard.A.Coughlin@pookmail.com|520-642-7352|10431 FERN AVE
471|Shirley Roth|Shirley.V.Roth@mailinator.com|619-334-7780|1 BOBDEV ST
472|Donna Perez|Donna.W.Perez@trashymail.com|903-791-7617|1 CALLE VENDIG
473|Roland Howell|Roland.J.Howell@spambob.com|732-728-4560|10000 CLUB CREEK DR APT 115
474|Samuel Taing|Samuel.W.Taing@pookmail.com|850-256-1236|10 DESOTO
475|Dorothy Taylor|Dorothy.R.Taylor@dodgit.com|732-523-1748|1 EVES DR STE 111
476|Ola Monk|Ola.D.Monk@mailinator.com|254-721-2433|100 KINGS CIR
477|Anthony Rogers|Anthony.D.Rogers@pookmail.com|606-561-1595|100 STONEHURST BLVD
478|Georgia Malave|Georgia.A.Malave@spambob.com|920-992-6445|101 COACHMANS DR
479|Mary Doney|Mary.J.Doney@mailinator.com|806-229-7370|1 ESCALANTE WAY
480|Danielle Hopkins|Danielle.M.Hopkins@pookmail.com|847-535-4612|1034 23RD AVE NE
481|Alberta Espino|Alberta.R.Espino@mailinator.com|210-543-4816|10231 NW KINGWOOD DR
482|Aaron May|Aaron.A.May@pookmail.com|901-255-7795|1 GREENDALE AVE
483|Ralph Ramirez|Ralph.D.Ramirez@spambob.com|603-890-6994|100 1ST ST N
484|Charles Martin|Charles.A.Martin@dodgit.com|386-467-7039|102 REMPE DR
485|Robert Lo|Robert.M.Lo@dodgit.com|863-687-0268|10100 STATE RT 193 LN
486|Kaley Romero|Kaley.W.Romero@trashymail.com|307-220-7516|100 STATE ROUTE 857
487|Victor Parkey|Victor.G.Parkey@dodgit.com|240-318-1248|1 W ALTON MARINA RD
488|Lillian Patchett|Lillian.I.Patchett@spambob.com|612-288-2122|101 NE AVENUE M
489|William Lorenzo|William.D.Lorenzo@trashymail.com|443-640-3644|100 OAK HILL DR
490|Jack Hurlbert|Jack.S.Hurlbert@spambob.com|814-759-5219|1001 E TOUHY AVE STE 180
491|James Mcgowan|James.L.Mcgowan@mailinator.com|718-992-8540|1 CALLE JULIO VIZCARRONDO
492|Brittaney Harris|Brittaney.C.Harris@trashymail.com|302-392-1285|1 HARMONY LN
493|Charles Mullen|Charles.A.Mullen@spambob.com|570-988-9276|100 RIVEREDGE RD STE 4
494|Rebecca Pattison|Rebecca.R.Pattison@pookmail.com|954-509-7613|1 SCOTCHMANS LN
495|Annette Clark|Annette.N.Clark@trashymail.com|773-658-1396|1 RIVER OAKS CENTER DR
496|Hedwig Morris|Hedwig.L.Morris@dodgit.com|505-641-6812|10331 E EVANS AVE APT 136
497|Anne Younker|Anne.D.Younker@spambob.com|205-849-7900|1010 AMBOY AVE STE A
498|Timothy Holt|Timothy.V.Holt@trashymail.com|336-522-1561|1 CALLE 8 VILLA ESPERANZA
499|Luigi Seaton|Luigi.E.Seaton@mailinator.com|817-384-7839|101 WILD BERRY DR
500|Jordan Alaniz|Jordan.J.Alaniz@dodgit.com|617-995-8225|100 GINHOUSE RD